x1,x2,x3,x4,cls
39.91014574273991,24.149943685055398,56.79539922889698,88.90131572965255,c2
49.080904888619656,86.41893080184249,31.95037370495617,37.90701692171999,c1
53.52241669010377,54.19293761950556,26.03355805888815,73.68631622975713,c1
62.25111596679863,60.123780622420455,36.73035087341418,79.40060194404283,c1
64.78088109094318,53.271355712131474,42.79104831240442,87.61922947525392,c1
79.46476862168184,52.79127548672202,32.49273052318694,97.39036343962827,c1
74.15067534921288,37.66141434702728,45.51877140457062,81.48167344081034,c1
57.615040131536254,49.39988100895427,53.74631141361708,71.58160342617093,c1
23.68806294124858,20.510987962446723,67.15618067073041,81.1877938114333,c2
72.0002307653477,79.26450063050287,18.56251750059233,69.68857124671521,c1
61.656174054763504,58.86951022836552,9.596570960863293,76.61392836684033,c2
41.12815409356092,57.34432940313643,53.2737415727917,87.10184856833702,c1
64.95179167658237,77.49909259972983,25.258233355590498,83.76269583640214,c1
55.097606530659334,64.6379566468473,5.628621276412434,61.504678250907,c2
34.09125327218051,65.25760813030642,19.769530661037756,66.38478954690525,c2
65.30659339866877,74.51795529977886,24.405582958192433,82.90442547078025,c1
80.1448052556808,80.12400513382751,13.801020957632415,67.09039162734025,c1
33.99750484967801,56.91813191541907,19.234324854071986,66.03198850668775,c2
72.87353337804412,39.07097179762541,44.87302647166519,85.24418742100622,c1
70.16853081799105,74.06107458643129,20.762444267344435,71.42875328477773,c1
87.28555048352553,50.197420363932984,24.69718051995606,86.80796893895997,c1
40.48922253712077,95.98910371304449,24.56428371421802,14.097493112196185,c1
74.28192314071637,34.84304781718784,39.15178667585672,76.35532884148503,c1
59.027612516135555,37.53755888747114,46.79949167510286,71.94613419169463,c1
73.77856622604907,38.76114605589586,34.72246752967024,75.88495776389608,c1
35.157821863574405,57.49886808832279,22.96604131216749,62.469425425316196,c2
76.01266324845496,63.37582835354559,23.74855148943503,76.22593815070424,c1
40.76902552120517,33.286809580650115,50.67525362396882,80.8349927712158,c2
48.86138935162149,49.121150097101186,20.96176793676094,85.83212853596662,c2
14.23894309470754,32.125337234842675,67.68776789368256,69.84142138810842,c2
77.40951474374229,36.72482759394867,41.48448101320352,90.0179128363203,c1
27.48703747773475,24.545083761464113,72.9291145238762,69.12418051047037,c2
79.20659988894417,39.225510482811785,36.416309475089925,87.60740882184457,c1
61.730451651053954,72.84534531725333,23.1801236349538,77.48403757149221,c1
45.80201775450894,49.66315805228871,21.245956016972883,82.0460641770552,c2
86.99493037376776,81.75769980579763,9.626295043832254,62.12844503850804,c1
55.03695851271733,79.32624126744173,28.093135459969414,50.816989006792326,c1
76.62202799472124,37.32876327891426,37.5867490899692,76.59046891622793,c1
28.52476040066633,26.705257682967442,68.17843065457599,69.61801103867172,c2
79.23977240767583,77.17392524518516,16.119068645400308,72.65155441592333,c1
54.52963531863646,39.326166430306046,36.080728886208455,68.77147039835602,c1
61.07853954380575,82.91131425235831,13.727356925926726,59.835238277094305,c1
43.17186970411555,54.51020965623562,15.462123333405131,73.47463560562663,c2
42.36996012086335,46.20968617047151,35.36821246257566,83.73923638578975,c2
51.158362719858076,77.92491590176877,13.922932776186272,49.07753439355501,c1
88.12135372722094,82.33843597870136,8.766450556788076,63.4569046255126,c1
35.90564581845978,45.86917720311173,28.022917698752885,81.77564399829055,c2
78.83953875776129,43.48411768887958,34.102138841622335,87.77198868854396,c1
41.40867821935689,89.95760476263533,10.050617097809464,24.40874000927466,c1
78.32897042597841,85.19534363341778,3.8904085984448713,41.05858497685879,c1
69.52527241128155,64.70007146946458,26.055528033256508,85.10315793302236,c1
92.05229719692215,73.35648295397141,12.391065543756866,75.49696754775998,c1
57.48797496195978,37.32876327891426,42.77252460852522,75.03841712358039,c1
42.993747701360796,59.76755585656714,11.630732117087042,66.12564445293107,c2
60.41004117719172,74.43301515077813,24.774678527580935,82.2577448011857,c1
31.01053588040586,94.20835406945635,33.71098714110324,26.995644543859164,c1
67.41737518839827,64.7696700056502,25.25086695241993,81.54050392354765,c1
6.407344107190502,81.20802104420257,25.428005255562496,48.04277257972121,c2
34.46913152903677,96.87966562767777,24.014302022529993,7.1842294297898635,c1
64.73040117113413,51.53693293919108,43.51821138561613,74.63860625403494,c1
57.48797496195978,37.32876327891426,42.77252460852522,75.03841712358039,c1
47.419322271019475,60.286551392532004,9.929136063066752,68.24245069423607,c2
15.886030763905412,76.51573263684905,21.725806104206605,17.919201287541938,c2
86.73387707418385,82.78745879280216,11.818984642557135,66.0674504669158,c1
52.70442564668383,54.277952605641964,19.847028668662634,78.04841012211644,c2
35.71382212318542,92.04818014795302,32.93945333534366,46.6315684188512,c1
34.538361133346314,94.6884342948658,33.92853296573115,47.96002800585576,c1
27.670207472470416,51.00266794388711,26.97460529433304,78.1424752448239,c2
46.26311576487896,27.959528077022377,43.38165291748336,87.78380934195332,c2
23.34191491970087,60.61957664632344,25.704870010984987,67.84236704038116,c2
76.94437833978755,55.214838707263326,25.738083442824216,83.49227565763749,c1
34.47345837930612,33.79008931812144,50.1216964266483,78.74210062103894,c2
37.64792419358328,61.83493172982297,19.65877614319254,56.33177846276949,c2
45.1589756903129,63.63139717190464,8.633338359144464,49.53581203342517,c2
52.29625943794215,49.81025044247456,56.05703577659552,85.996708402666,c1
78.03618689108596,61.17673912148687,28.41406939927198,82.8691453667585,c1
81.04406896999329,54.324389048333565,26.358196738966548,84.57404730079926,c1
65.31668938263057,58.45154482557334,36.287505115557764,81.62279385689735,c1
28.335821272238203,25.938925413568718,69.03870592543132,68.47795448139155,c2
67.48804707613093,41.703368045291434,36.35384582247399,76.94317902834229,c1
72.90237904650643,35.02901809936127,39.24397441144162,70.29997181228802,c1
70.94736386647341,59.47344591333111,30.691623408792296,81.21125326204569,c1
75.5273348765766,74.97483601312643,14.365778534042692,74.43874628331379,c1
29.278353489244168,67.24752756812985,20.230900122773384,41.68144248342835,c2
79.25347410019543,37.42156132716177,35.19116031619532,77.90731698446038,c1
78.99530536745777,62.663378821838975,26.771576884140696,83.23358520417905,c1
25.084193294824363,20.170104809408524,76.15870075602558,66.0674504669158,c2
59.17760999213956,66.17885327056993,3.1520451461434082,42.5634450839721,c2
52.72173304776121,70.1976074567722,0.5828504964783422,19.612282568173338,c2
68.68946916758613,76.29122122979865,19.3561074374825,69.46516089727852,c1
66.85776922022949,87.58040314764993,9.364378486656474,53.02745119434063,c1
79.78423439990192,43.33706271726156,33.38962241798953,88.10114842194277,c1
49.91843887242282,77.2588653941859,26.734658711525622,71.64043390890824,c1
52.24138055369261,58.71459735750074,8.629892088655309,72.11071405839402,c2
45.245584809870984,64.48304377598252,7.950546018480627,46.56064449839511,c2
61.24079642890625,65.0327225375776,5.3003640123204185,63.209580184947754,c2
70.05170586071868,63.004261974877174,24.3723695263532,83.05727561217346,c1
75.3686837000339,71.76132940687827,11.903849053352575,69.54745083062822,c1
41.56300254563024,42.523957238060675,42.47356064359102,82.0577939023614,c2
54.7337184230073,90.36022855261237,16.122514915889465,39.871063949734946,c1
58.16440588740094,77.35952134168016,14.129278221724428,53.06291315456868,c1
51.57908400579798,58.92376715173604,8.268033687294032,71.79328405030142,c2
44.384974291297986,62.04410152405827,9.231266289012858,66.78396391972866,c2
63.22826298595937,34.81199040587921,58.190277209382465,61.2937250516017,c1
42.56899523325329,58.319831466770445,52.55777887866974,84.1036762232103,c1
73.09131817493456,40.61935213491638,32.34884873026472,79.75331205615718,c1
35.66694791193418,24.947707551441177,51.28438193292697,74.66215663275048,c2
69.60820370811068,81.50213098743858,21.75535787365111,61.71654073124381,c1
77.48162891489805,77.70826239396513,14.79742391280936,76.55518881220618,c1
60.48359763177062,52.41963427091791,14.6793891485558,89.78240904916481,c2
58.752136382320494,79.38835609005902,24.542141426325202,50.146848886585374,c1
57.57847824676027,73.44965518789733,30.85402890559373,74.76799694481574,c1
69.07672226669263,61.26205345616602,31.791414478643894,79.55345208543605,c1
64.56093286891807,84.73097920650187,12.697352833480519,70.85263282322667,c1
36.25323612343062,65.3346903800604,14.420918861869172,42.33976195022595,c2
33.072280033749436,50.62328108453977,28.82029853318112,73.55692553897633,c2
86.05167701505023,38.97031585013116,37.50533094966291,87.6428707820726,c1
21.985447360260764,73.3643408532182,25.1290412906283,32.827773079825775,c2
32.211236830149495,30.367787103316413,49.06239903504426,83.65694645244004,c2
71.14639897886335,62.23755551980004,23.61935942447283,82.92788492139266,c1
56.34525380582538,85.53622678645597,17.481207056238826,64.09158278549151,c1
40.36013817075193,19.961309200851648,60.88870700239085,86.5375487601953,c2
80.7318146088888,36.809767742949404,35.106295905399875,77.56634569046255,c1
60.290331653073146,58.65285672056187,8.50798027010145,78.31883939369139,c2
26.895701274257405,51.91635453344659,25.154888319296965,75.03841712358039,c2
41.848574663407106,27.06148244882075,43.51433433131583,77.42524345999618,c2
81.09094318124454,52.38865169674496,26.911840093049307,86.57282886421707,c1
41.71444230505736,57.483526475507674,52.9601309582786,81.5875137528756,c1
37.903929501186276,21.16918057078283,53.29614233097121,66.71394928030406,c2
52.40118555697379,49.58570161685631,21.031899541215243,88.65399128908771,c2
42.62524428675479,58.660340434130234,55.226484588709155,87.02001327550306,c1
69.05076116507655,62.43886741478857,19.230620113296144,76.61392836684033,c1
22.982065205633557,64.71541308227968,21.116807030391797,42.62163906998736,c2
63.91190532851611,76.81770047933185,22.814703943825794,81.31709357411094,c1
68.97576242707456,59.90712711461681,34.50449092123119,84.95030779162916,c1
34.467689245613656,51.16527033044337,34.88831929696082,82.15190448912045,c2
88.5879324145988,92.79917080453663,4.019643741788186,40.43481818925775,c1
52.69577194614514,60.54212021089105,10.530510263424302,72.27529392509344,c2
75.78478246760272,77.2435237813708,18.219139724729146,71.07604317266338,c1
66.1185989658828,77.27458119267943,24.7008852607319,57.51929948989334,c1
39.78466708492886,28.137640459949036,45.82893574859457,83.17484564954489,c2
75.88285774037456,87.83597196600897,6.5996079867318596,46.46698855215181,c1
63.36888561971313,69.50835743712746,31.765567449975237,83.421715449594,c1
81.7197787537229,85.8924515523093,2.9267452129148994,38.38893586840884,c1
69.93848661200413,91.59129943460545,8.519180649191204,40.6585013230039,c1
59.58000706718877,59.38813157865196,9.006397139595496,78.89495076243213,c2
5.089097058462954,86.27935954379282,22.833157429943782,16.037898833392436,c2
2.0877052549596478,84.52966731151332,22.504650311241306,43.85644271074861,c2
29.010088772544695,58.18811810796753,25.948478256187137,73.60393536830429,c2
41.74905710721214,89.7173775570914,32.157149934305465,26.77287069114451,c1
54.16574721098443,49.16758653979277,54.584185926292896,81.04667339534629,c1
43.677390043917526,26.612459634719936,47.86266612100717,82.69274484664976,c2
52.53308237601772,53.68172514565178,14.413595537079718,81.7286341689626,c2
68.06856615393492,52.41963427091791,43.654769853748896,90.79352955617992,c1
72.42426209174366,73.28688441778579,13.162599349516446,71.67562308482682,c1
70.3704504972272,35.81892406650028,40.82753570120835,79.27121125326204,c1
41.74256683180811,92.24949204294155,31.09009843410085,38.41257717522755,c1
24.96808947926357,53.255864425045,32.87655889891658,73.56865526428253,c2
82.40269995456808,33.27895168140335,37.27270769164495,77.46052356401792,c1
38.12820457348074,51.23495867119182,19.50744179033752,74.35645634996408,c2
21.04075171812013,65.72197255722236,19.957783186507854,39.7173954554134,c2
44.826817817969406,62.61697979771523,17.230060094341656,64.40892186548096,c2
40.61109548637402,24.93984965219441,47.09113231524759,80.57639324586049,c2
33.88717016780968,100.0,37.11030219484351,23.692226556461804,c1
52.116190352566186,75.8885974398216,31.44463351067267,69.79441155878047,c1
84.31588891533076,80.10080562176563,14.402825941801106,74.32117624594234,c1
12.554356056508665,79.19490209431724,22.899601524974692,10.45218545695918,c2
35.8133396793804,92.03246434945949,34.16115622374911,33.74523764059757,c1
25.052463059515823,20.80509790568276,66.20759471859049,86.52581903488911,c2
89.66387584824294,88.93532948919912,6.366984728713895,47.137128672358756,c1
59.180494558985785,65.79157109340798,1.4874964998815343,40.52938341653254,c2
62.61601367284686,67.44098156387163,1.6533482671721194,53.52119079443883,c2
39.118332143449514,55.625320396487155,21.24229435457816,72.27529392509344,c2
77.25086356719959,62.740835257271364,26.439399487367265,80.5175627631232,c1
36.776785006021534,52.94615093901896,17.21541344476275,70.22941160424452,c2
59.02617023271244,54.65733946498932,46.271781506450985,72.54571410385807,c1
32.69440177689318,50.68520881431784,29.181726150731258,88.7012739027251,c2
36.372945647549194,26.813771529708475,43.5587050638637,73.90963565109068,c2
39.43851906338114,55.51680654974612,19.703103797359294,70.10011184156687,c2
55.1139764475117,55.27676643704139,13.240140435522434,78.61279176555097,c2
23.32749208546971,21.23877910696846,66.61339306868848,83.64512579903071,c2
92.14316105257845,71.29696497996235,13.03681047666229,78.41290451639888,c1
89.74031686966806,63.151316946495186,17.80214099554139,91.95831855751656,c1
66.56282226020235,61.773191092884105,28.491610485277963,76.06135828400484,c1
65.33399678370796,58.26557454339992,10.028647123441102,79.63574201878573,c2
80.65681587088679,37.769928193768315,39.262498115320824,92.54571410385807,c1
21.44819678515025,60.87477127900407,26.199452904559845,67.68960782709111,c2
49.87315117293699,90.15891665762385,6.780537187412499,22.092801222073703,c1
40.124324831072556,52.071192567175686,17.765093587782975,73.30996481082408,c2
29.004319638852234,49.020456731039076,34.42694983522519,85.52642825318021,c2
33.936928945907155,96.29107155552728,36.0548818575398,28.230448184620414,c1
30.399007709004888,17.7079630454224,61.84117000883107,68.79502077707157,c2
46.48645335294839,60.82088854131198,10.419798823960196,69.55927148403757,c2
39.47529729067058,24.428712015476318,51.00394167187198,76.5669185375124,c2
37.52100325234912,17.52985066249574,62.58297973162168,76.77859916164289,c2
71.03606429699501,93.83678769078793,8.386068451547592,37.54239522809314,c1
72.19782359431451,72.57443488607916,23.958946302797944,67.21950953381162,c1
65.32534308316927,50.59229851036682,45.04620156374524,87.51375287560126,c1
53.157518984055564,34.866247329249724,42.46623731880156,68.73619029433426,c1
82.10631071111784,63.99547983700472,26.372929545307688,83.6333960737245,c1
57.10093820536674,77.03435398713549,26.398776573976352,76.16719859607008,c1
39.28058902855,26.945484888511377,43.31531221056713,69.14773088918592,c2
92.48209765701058,72.41203830164605,12.394511814246021,77.21360829991725,c1
56.1575406183069,65.14123638431862,3.798220862859975,40.0701964956309,c2
78.65132077104472,65.40466310192443,25.80451030650269,80.92910335797485,c1
40.61974918691272,43.58477363637384,22.323777112456114,75.97906835065513,c2
25.60341532714594,5.985099926285418,84.67055808042734,72.12244378370023,c2
53.076967454874556,47.82033100465113,27.487453421500422,85.78511870663866,c2
33.62251115966799,46.14794553353265,27.62788894393349,79.18892131991234,c2
42.971392308302505,50.36774968474857,28.29215758071812,81.48167344081034,c2
80.00706718877328,72.79146257956123,14.288237448036703,77.96611109595642,c1
87.77953255594258,83.97998854991823,10.316410709285545,64.00974749265755,c1
52.54267356078143,57.04984527422198,16.657979193141923,72.40468461587423,c2
37.78133541022146,95.99696161229124,31.584638249294596,29.78259090537112,c1
57.48797496195978,37.32876327891426,42.77252460852522,75.03841712358039,c1
75.85689663875849,50.96393972617091,33.67049346285567,100.0,c1
41.953861353294535,58.0796042612265,16.395631852154995,64.83264682615456,c2
38.65391688120632,26.04706507463133,53.52876558898917,89.84151231621156,c2
57.03841521897468,72.35778137827553,29.993753634738407,76.20238777198868,c1
77.84219977067693,37.700329657582685,39.97846080944279,89.59418787564671,c1
61.52564740497155,64.36704621567314,5.4071983974842235,64.76172290569846,c2
37.748162891489805,18.55960964950027,60.286902018222165,75.75565800121844,c2
67.88755958433393,79.56646847298566,22.840541064466798,61.89294125135255,c1
54.9272728583894,89.36901069048484,15.484093307773495,37.78971966865799,c1
69.30099733898707,64.68435567097104,25.416934111616087,74.02720568846213,c1
80.0272591566969,42.33836114156567,32.59611863786159,87.11366922174636,c1
65.98518774924462,76.96475545094987,22.035884291468328,82.1871845931422,c1
44.44655979346502,43.25960628182917,22.548943502703167,78.63630577302526,c2
38.170751934462636,27.843530516713,49.043875331165054,79.02434145321293,c2
56.88048518414354,64.56835811066168,7.131195209684021,65.032688653082,c2
64.71669947861454,74.14638892111044,23.89251943911948,59.059621557234685,c1
53.55832954733935,76.22910640718138,21.334568246925283,72.59281486128918,c1
26.36349869112779,2.9343640901488146,79.00833566674565,52.99289851514407,c2
61.51699370443286,65.11017897301,37.02199151355893,82.175454867836,c1
48.01520166727964,47.61886943539123,57.455790811381306,82.23419442247015,c1
23.233743662967207,2.686653171036532,95.82527408619985,56.76641479582094,c2
71.35264550836885,85.24960055678828,6.569883903762898,47.38354383189212,c1
79.07535209744067,39.38828125292332,37.66773644646434,85.33829800776526,c1
41.449783296915676,61.54082178658694,19.14941736489543,59.24784273075279,c2
22.44481463052304,28.78049145547003,66.26273504641696,68.50068650717877,c2
31.12231284569731,66.20991068187855,20.651689749499216,44.65570073742691,c2
85.45385053616886,59.89141131612329,21.63723695263532,91.85193267683243,c1
41.40867821935689,89.95760476263533,10.050617097809464,24.40874000927466,c1
50.43731475672284,49.43860922667046,56.03463501841601,81.84620420633404,c1
24.813765152990214,27.069340348067517,68.10476662287032,73.27468470680233,c2
69.63416480972676,81.50213098743858,6.721519805285718,65.84376733316965,c1
35.88329042540149,52.171848514669946,18.440562603657355,70.18240177491657,c2
64.67631554276731,80.55768633511322,22.046955435414738,49.74767451376197,c1
35.06118887422567,64.18107593349973,17.491976651517437,53.52119079443883,c2
40.37960899696399,63.85590857895506,14.284360393736403,46.45516789874247,c2
57.30314634128752,64.15001852219108,3.391991728950826,44.1155878047228,c2
79.57293987841551,34.819848305125966,38.84162233183277,76.73149840421178,c1
33.02829038934441,61.88133075394672,20.07590410752364,51.74627422097346,c2
47.24408483511095,62.183298596429516,7.075624098046395,49.53581203342517,c2
32.79752504164593,64.80072741695884,16.860878368190924,51.82810951380743,c2
32.23287108149622,47.959677751293746,34.43427316001465,76.21420842539803,c2
79.13160115094216,58.47474433763522,22.670751933142355,88.92404775543977,c1
19.077082837548403,70.09695150927794,19.97622073362483,27.972212371677713,c2
69.97021684731267,63.391544152039124,31.223210631744458,79.42406139465524,c1
47.757249277055436,62.42352580197347,15.078294957675492,57.66023804977404,c2
76.1330939142851,77.06541139844416,19.869170956555454,73.46281495221729,c1
57.245382890191756,91.00270536245496,16.665302517931377,41.05858497685879,c1
31.25283949548926,25.992808151260817,55.226484588709155,83.0925557161952,c2
34.57081251036641,63.10491792237144,12.446205871583347,53.43935550160488,c2
44.3358645407409,63.507541712348505,14.923212785663514,50.947016194295166,c2
84.07142187511269,89.6245795088439,4.5990479677773735,37.49602189548724,c1
58.00142786058888,80.66582599617583,21.556034204234606,53.533011447848175,c1
53.71236541692808,56.585480847306044,16.52486699549831,72.63982469061713,c2
64.48016499722361,80.20894528282825,23.43481163977858,49.44124680615038,c1
82.24981791171784,53.271355712131474,28.923686647855774,96.0964565318203,c1
29.877622251548658,49.27598813083028,33.99142740215822,90.2534166234758,c2
82.90966257779317,60.88262917825082,27.214336485234885,86.5375487601953,c1
51.895737331342985,51.97828226322466,15.524586986021069,83.13956554552315,c2
50.52299360347302,57.24329926996374,16.702349925689795,70.80562299389872,c2
44.16935291954221,88.91212997713725,27.856635147651147,30.205406585013222,c1
68.26038984920928,87.20883676898151,9.508260279578696,52.498249634014385,c1
39.33395351520527,26.813771529708475,47.766601331121976,80.5998526964729,c2
66.95800791813599,36.03557757430392,45.31587222952162,74.07430644589323,c1
65.9700437733019,79.9922917750246,20.71445495078295,60.9409240113842,c1
18.298970930777607,29.78705093041269,69.66980420875784,72.92197459468797,c2
71.38004889340804,77.42163616429745,19.352445775087777,82.1283541104049,c1
65.2431329280517,25.853611078889564,57.80300256316367,75.54397737708794,c1
76.35376327802177,86.60490108401592,5.389105477416161,41.75236640388444,c1
71.8141762037658,92.06352176076813,8.367544747668383,40.24659701573965,c1
53.52241669010377,54.19293761950556,26.03355805888815,73.68631622975713,c1
74.16437704173248,74.83563894075519,23.29825317164581,64.57350173218036,c1
33.145836488328314,57.63058144712569,18.95746009864949,64.26798330560027,c2
49.240709891900856,48.98176593189073,23.187507269476814,88.60670867545032,c2
50.85319213378621,64.8624680538977,3.7870204837702213,37.62513980195858,c2
86.01201422091455,57.522067600384666,22.770410278501735,92.64027933113287,c1
62.93403716764382,84.27409849315427,17.32612488422685,65.12634459932531,c1
88.82807260454751,52.05570128008921,23.29454843086997,88.12478972876146,c1
56.81406803250907,55.67957731985766,12.12871820276994,77.15481418842121,c2
35.46574937440956,25.729755619333428,46.89211019449889,73.43935550160488,c2
92.21743864886889,89.63206322241221,2.1556421909664634,38.29527992216554,c1
57.74787443480518,82.94237166366695,16.908695371227953,64.39801049310311,c1
21.783527681024598,3.6389557226086735,90.05966355784349,69.03016085181446,c2
73.89683346674455,84.04958708610387,10.26471665194822,70.61749274848377,c1
79.78423439990192,41.43245761411728,33.52273461563315,81.0584031206525,c1
17.949217200672106,4.444203302562796,89.29200680638422,64.10340343890086,c2
38.27603862435007,59.08616373616916,56.208240894307195,86.23184847740892,c1
79.8664445550195,52.404142983831434,26.609171387339263,88.47759076897897,c1
25.029386524745977,4.7929443548477595,86.90718762788893,73.45108522691109,c2
51.61946794164521,63.59285604702767,7.994916751028497,51.85175082062613,c2
42.89350900345427,60.17017964654422,11.899971999052278,64.58532238558972,c2
20.416242995911123,4.862542891033389,87.26172270446077,65.10270329250662,c2
59.84971406731137,69.77140996905486,0.0,24.315084063031353,c2
46.43835320078749,57.98680621297901,13.509380317487668,70.72324213244588,c2
29.210566168357737,26.744172993522845,60.04350916492559,94.27425734471754,c2
39.224339975048494,50.08127312935224,29.750360781441838,95.09715667821452,c2
32.45281930352134,49.07467623584175,34.3347620996403,88.59488802204096,c2
48.83153408476299,63.76311053070754,7.4521291489865815,49.64128863307782,c2
29.90141992803006,6.557978199942373,74.09912335494433,52.67465015412313,c2
75.96290447035747,83.6080479855714,9.707713184138541,72.34585413313692,c1
25.41375505700625,62.299670342417315,23.438516380554418,66.73759058712277,c2
75.56122853701982,54.01467556230754,31.835785211191762,94.93257681151513,c1
84.3613208431589,80.12400513382751,12.328171107329787,66.46662483973921,c1
65.81427716360542,76.32976235467564,24.85588127598165,57.60113478272729,c1
84.20988108373176,40.2788431675566,34.30503801667133,88.74764723533102,c1
36.75154504611701,93.52696194905836,30.9905873737265,46.44334724533311,c1
53.63628496635874,77.30563860398809,27.33280203329959,71.58160342617093,c1
54.89835507575593,51.444169625851735,28.12242875912723,72.61609245569528,c1
75.7833401841796,36.298630106231315,41.244534430396115,91.74645607717977,c1
81.23733494869077,55.772375368105166,25.882008314127553,86.46698855215182,c1
59.9463470566601,81.60278693493285,21.92512977362311,57.824817916473435,c1
39.64260216775198,13.55786968609563,64.19238805005708,66.5139074533766,c2
45.197484657710085,44.51425086156252,33.120382536024294,88.01931312910881,c2
87.46078791943404,63.8095095548313,17.30027785555819,87.90110659501532,c1
51.07556843995413,83.43030978832317,29.00122773386176,41.986960910008456,c1
85.59447316992261,63.01960358769229,25.72701229887781,85.06787782900061,c1
75.1263800849505,36.21368995723058,41.583992073577875,87.45464960855452,c1
44.86633638376277,53.97594734459133,20.666465634221467,72.93379524809733,c2
61.857372592288115,85.87673575381575,12.985116419324964,71.04076306864162,c1
84.75939106793876,59.30319142965123,21.607685183190817,88.98315102248652,c1
91.36360686238453,89.27621264223733,4.277683244663668,43.045364030660956,c1
58.83578882086119,83.90253211448585,18.62528270187606,61.25826309137366,c1
31.82758943960077,52.21057673238615,30.50681715381136,86.57282886421707,c2
31.68840908927013,89.46966663797909,17.037930514571265,27.983123744055572,c1
23.925318564351077,58.660340434130234,22.61907510715747,54.90875364849014,c2
34.43018987661265,63.871624377448576,13.051887910052343,55.320657955754385,c2
39.73418716511982,32.46622038788088,51.538975165313296,79.31822108258999,c2
29.855988000201922,22.888189577432115,73.74114200788334,70.06483173754512,c2
70.0005047991981,91.77689553110045,8.127598164860967,39.82378133609755,c1
87.3389149701808,52.334469610510126,23.64520645314149,88.72491520954381,c1
27.797128413704574,23.19015741991491,73.89622417989531,72.46342417050838,c2
59.118476371791814,75.48597364984452,29.451396816507636,84.05666639388235,c1
38.45127606025861,18.644923984179428,57.120210222499836,73.59220564299808,c2
44.23670755540171,21.966570251490193,51.98182092316971,80.8349927712158,c2
26.31950904672277,64.09613578449898,19.66984728713895,45.690462551260715,c2
66.30681695259936,28.462807814493708,57.592349279514075,74.60332615001317,c1
64.24290937412111,80.63476858486717,21.7442867297047,50.78152704656428,c1
89.99920674411729,86.96075166419081,1.4836194455812362,42.08152613728325,c1
80.30129300708883,71.79238681818693,14.923212785663514,79.87088209352865,c1
93.23136389531908,73.51925372408297,10.637775432399252,74.99140729425243,c1
72.5922881105366,39.04739809988513,33.913886316152244,72.74566500268237,c1
69.68680815467047,73.2094279823534,23.05462769509122,63.397801358465856,c1
69.21518147531171,64.1114773973141,31.525620867167813,80.16485265100886,c1
63.34580908494327,33.54237839900915,58.157106855924354,58.942324304172686,c1
85.66370277423216,89.00492802538476,4.145001830831198,38.37711521499949,c1
62.25255825022175,59.81432906636931,9.338531457987811,76.66102912427142,c2
31.889607626794742,25.884668490198205,49.55306179593771,72.06370422906608,c2
53.1231926385854,89.20623992037329,17.610011415770995,40.18840302972439,c1
54.529851661149934,39.326166430306046,36.080728886208455,68.77165225456233,c1
65.54240673834815,59.13293694597132,32.145949555215715,76.96669303581658,c1
64.828476443906,33.674091757812064,59.50459861718398,60.7527028378661,c1
37.40345715336521,15.602046047289583,56.27113533073427,68.84203060639952,c2
72.22739040448837,84.44435297683417,7.108794451504514,65.2209098266001,c1
71.53076751112361,36.34540331603348,38.3914532491869,74.76799694481574,c1
49.205085491349905,43.2906636931378,22.360695285071188,82.85741564145229,c2
11.543315376904713,78.61416592141353,23.242854373532644,8.947325349845876,c2
81.01882901008878,39.31082481749094,33.902685937062486,79.70630222682925,c1
26.408930618955928,48.8888556279397,33.68126305813428,84.25652636460352,c2
46.68188275678054,56.84067547998668,16.63213216447326,67.50138665357301,c2
62.10616648277553,81.14590622158528,24.02171150408168,57.765714649426705,c1
46.04078777520571,41.05303333620209,38.76020419152648,86.79623921365376,c2
70.4678046282875,62.27647083035544,24.97400219699744,82.36358511325095,c1
33.74366296720969,51.14205210909758,31.101298813190603,88.05477508933686,c2
55.026429843728586,91.84686825296448,16.79066060697439,38.37711521499949,c1
52.91233080212593,69.81818317885701,0.5906046050789421,21.0580394082399,c2
87.05478513582705,32.93844271404357,37.85986602623474,75.56752775580348,c1
80.00418262192703,50.91750328347933,24.72668921101945,82.38704456386336,c1
72.0564798188492,59.953526138740564,28.569151571283953,77.38997244878473,c1
75.94631821099165,76.56998956021958,17.584164387102334,74.20360620857087,c1
76.3393404437906,56.17499915808223,31.374415749456137,97.31943951917219,c1
82.0558307913088,38.12615295962162,38.66069313115214,84.5387671967775,c1
31.68840908927013,89.46966663797909,17.037930514571265,27.983123744055572,c1
22.53495734446776,61.509764375278294,26.169944213496454,70.61749274848377,c2
74.36773900439175,77.47589308766796,18.267387511577315,79.85915236822244,c1
78.88064383532009,33.61197693519478,37.398496564499105,72.83968466133828,c1
48.63033554723838,60.80517274281845,10.058371206410065,71.71090318884858,c2
53.52241669010377,54.19293761950556,26.03355805888815,73.68631622975713,c1
57.19245108856341,71.53681799982787,31.58119197880544,75.96724769724578,c1
64.03305713605782,74.47155627565512,26.391410170805784,82.75157532938704,c1
75.0066705608319,88.21539624392416,6.311844400887416,43.962828591432746,c1
57.07591458797568,86.31041695510147,19.393025610097574,57.742982623639485,c1
37.239036843130044,26.891227965140864,43.6586469080492,77.53106558644079,c2
45.69514455285608,84.18130044490677,32.34152540547527,35.932058521327185,c1
66.60753304631893,68.56353859912366,1.3358605983587148,52.94561590150667,c2
23.43061535022247,3.9798388756468706,77.893467163504,52.03997199414423,c2
6.070570927893034,84.01852967479523,22.811012557348096,44.056484537676056,c2
42.71538700069951,64.01867934906659,16.97546686195533,59.9298035043691,c2
50.43731475672284,45.53615194932029,59.283175738255764,84.59750675141166,c1
38.10440689699933,61.78853270569922,11.86292459129386,57.41382289024068,c2
40.11062313855295,12.156170134744261,65.4950782949577,73.15711466943088,c2
86.33147999913463,52.57447230464701,23.66734874103431,80.78798294188785,c1
78.90732607864773,58.02534733785599,29.668942641135548,86.52581903488911,c1
66.1575406183069,43.902457277350166,33.788528227109225,77.16657119215836,c1
37.6681161615069,17.72330465823751,61.61199302130226,76.61392836684033,c2
73.46486958152147,73.33328344190954,20.555754194757363,64.1388653991289,c1
63.91983788734324,27.309193367933034,57.455790811381306,73.92136537639689,c1
55.99391356395446,51.33561461868609,47.19839748422254,65.44368367931476,c1
38.570264442665625,61.958787189379116,13.365498524565448,60.19985997072115,c2
86.75406904210747,78.49779417542572,8.62213798005471,67.17222692017421,c1
82.1409255132726,93.10113864701944,5.171128868977105,39.04725533520645,c1
11.192119363376095,85.60582532264159,21.102031145669546,23.385798848850207,c2
34.20663594602975,31.978282263224656,47.02479160833136,86.06726861070952,c2
3.739840916138425,87.46403140166213,21.67781678764512,14.403011538776287,c2
89.42662022514045,65.59025919841945,15.299717836603701,87.53739418241994,c1
82.72649258305749,42.740984931542734,30.115665453292266,85.996708402666,c1
84.72910311605334,82.57828899856688,11.741443556551145,64.17432735935695,c1
61.46074465093137,80.11614723458074,10.763133521442265,68.32428598707001,c1
82.28587499729572,87.72745811926794,5.710039416718722,48.97114851287087,c1
36.41693529195422,95.14531500821337,34.205526956296985,30.347254425925417,c1
77.4232164362619,36.76336871882565,41.133822990932,88.25390763523282,c1
40.27504344878812,85.6679401452589,30.278070950093692,31.13469179919437,c1
83.99498085368758,36.28328849341621,34.65569603894286,80.63513280049465,c1
39.80630133627559,92.10206288564511,34.7590841536175,40.470280149485795,c1
63.49003742725483,67.88214647872567,31.98354405841429,84.58577702610545,c1
34.786433882122175,46.84467926674575,35.68914640187822,81.0349436700401,c2
38.783001247575164,46.418855964706815,31.374415749456137,82.48115515062241,c2
30.59876396310639,58.900567639674165,20.946992052038688,58.51859934349909,c2
49.29652626037543,86.03950652392732,6.813707540870614,15.802395046236938,c1
67.01209354650283,64.91672497726823,24.291166777952487,80.30588213899269,c1
65.87124735881848,26.054922973878096,59.23148168091843,72.25183447448103,c1
53.91255435605651,72.26498333002803,31.529497921468113,74.05075606717769,c1
65.42990863134514,58.46688643838846,9.796023865423138,77.75446684306718,c2
59.660053797171685,66.10139683513752,1.9747129902858256,41.2931794829828,c2
76.95303204032624,54.57992044812477,29.78353113489995,84.78563699682661,c1
37.10418334306874,26.132379409310484,45.50024770069141,74.76799694481574,c2
31.741052434213845,35.013302300867736,48.54545846167101,76.46107822544714,c2
67.02795866415708,88.81933192888975,9.094707820880092,50.49964992680287,c1
58.126185376688376,85.62154112113514,20.098046395416464,62.15208634532674,c1
34.29822094339759,31.149835171208657,47.77392465591143,85.74983860261692,c2
24.83323597920227,0.4258233020389358,98.61201456049282,55.06151286178018,c2
75.76531164139065,91.52918461198816,8.094427811402849,40.36480354983315,c1
30.758136281360652,30.22073213169839,48.26501820061602,81.15251370741153,c2
50.81275916030259,53.89078268418355,20.009434165464064,84.6210571301272,c2
60.53191412644499,55.501464936931,12.675382859112155,81.36410340343889,c2
38.09214748790284,96.14401658390926,34.29771469188188,47.501750365985615,c1
84.5077126106051,38.85394410414336,37.804294914597115,91.15815124980678,c1
47.84097382976729,53.565577911071024,20.500355396644196,83.7156860070742,c2
54.89835507575593,51.444169625851735,28.12242875912723,72.61609245569528,c1
61.22493131125197,33.27895168140335,58.71109483705603,58.55406130372713,c1
36.38520505664568,15.988954038773121,64.48015163590152,76.55518881220618,c2
43.53604626845221,51.854393126957454,21.711073297865468,81.8814843103558,c2
44.89035040275765,64.18893383274649,6.96878971288259,46.302408685452406,c2
32.120372974493215,66.00074088764327,21.334568246925283,66.0910917737345,c2
25.828411541151947,61.60293660920423,23.46802507161781,68.43067186775416,c2
80.6020091008084,74.43301515077813,12.306201132961425,75.94378824663337,c1
51.96316408137363,38.97031585013116,28.69450966032697,90.06519544995771,c2
78.27127908905379,89.50072404928773,5.340857690567991,36.237576947907286,c1
34.25639472412724,24.382312991352567,57.060762056561906,86.10254871473127,c2
37.47989817479033,56.22925608145274,23.94417041807569,67.97239422788401,c2
44.55725504618913,58.77671218011802,12.549593986257998,67.81872573356247,c2
26.550274394421248,50.3135301799459,31.957697029745624,83.1983051001573,c2
20.178266231097073,2.6555957597278916,96.48566566868418,52.251834474481015,c2
55.163086198068775,66.33376614143471,2.2146595730932432,36.943179028342286,c2
19.293425351015728,74.2470448686047,25.236091067697675,28.018585704283616,c2
54.56042806971998,65.17229379562725,5.21894587201413,59.62428507778898,c2
64.48088613893516,55.18385613309036,40.97874081892002,85.12661738363475,c1
53.17129279074631,68.64885293380281,31.63288603614276,76.00252780126753,c1
63.9905097750759,75.36211819028838,22.615383289895966,78.17774625603535,c1
73.54058946123503,62.353927265787824,25.34314084476706,84.98549696754775,c1
33.48837880131825,98.70681429538966,35.46427725246085,25.090700782890963,c1
63.34941479350107,65.31934876724527,5.484739483490211,62.08116242487065,c2
55.54435382096936,90.40662757673613,16.728196954358456,42.12789946988916,c1
67.85871391587162,25.94640912713707,59.0466754259375,73.65094519763223,c1
59.140110623138554,84.96334851279902,13.808344282421867,67.47774534675432,c1
11.944991310242374,85.6679401452589,20.965429599155662,23.91500040917646,c2
58.39300780996473,55.973687263093694,11.39423180476878,78.73037089573273,c2
34.09485898073831,59.33424884095986,20.755034785792752,62.48124607872555,c2
33.98163973202374,14.293518729864129,59.283175738255764,60.693599570819345,c2
38.00993733278526,11.250266607295869,66.79087599887995,68.59525173445357,c2
78.17392495799349,90.53834093553904,4.8501949296745455,32.51043399983632,c1
55.4143319703755,63.24411499474268,41.26650440476447,83.60984569500896,c1
69.04859773994187,79.70566554535692,20.965429599155662,53.65121798194167,c1
52.034412882475536,80.98350963715217,23.929437611734553,43.28086781781646,c1
37.38182290201848,81.045250274091,15.602128072027055,61.0109386508088,c1
65.34553505109288,54.61861124727313,42.74667757985655,90.64077034288987,c1
49.09922188809323,63.66245458321329,9.55995433691602,52.46369695481783,c2
34.03788878552525,16.623947135047352,62.54593232386326,70.46464260709057,c2
2.8203852339023125,76.95689755170311,25.72701229887781,8.724551497131213,c2
81.41617809315709,80.33280074238438,10.840674607448253,67.93693226765596,c1
73.88313177422496,73.08557252279726,19.525922415835613,72.15772388772197,c1
3.848733314583646,84.35155492858667,23.77069377732785,41.9287669239932,c2
20.9217633357131,64.49090167522928,20.71075021000711,42.375223910454,c2
48.76324196467848,63.03531938618582,8.186615546987746,51.217072660647226,c2
78.66285903842964,41.66482692041444,31.06080513494303,78.695090791711,c1
39.24453194297211,15.679502482721972,63.28429577616473,78.47169862789492,c2
79.22030158146377,60.897970791065944,29.326038727464628,85.93796884803186,c1
33.224440934888115,16.925914977530145,61.50860490662762,73.18066504814644,c2
58.43267060410041,60.720232593817705,33.622245676007495,76.17892832137628,c1
79.42654811096929,55.41615060225185,26.0444568893101,86.83179210198496,c1
75.001622568851,90.29025583074834,6.70299610140651,44.091946497904104,c1
84.45290584052671,56.438051690009615,23.010334503629355,95.08533602480519,c1
76.68116161506899,62.81080797913542,25.91156008357206,82.85741564145229,c1
38.449112635123925,33.65837595931853,49.527214767269044,81.34064395282648,c2
57.87205503753543,64.34384670361126,5.672992008960305,62.163906998736095,c2
85.72355753629147,81.88941316460053,10.058371206410065,64.33890722605635,c1
70.99928606970556,85.53622678645597,8.268033687294032,68.43067186775416,c1
81.40175525892593,56.02008628721744,25.642104809701255,86.33768878947417,c1
54.529851661149934,39.326166430306046,36.080728886208455,68.77165225456233,c1
39.12842812741131,54.564429161038284,57.93568397699615,83.25713558289459,c1
69.40123603689361,88.0372838609975,9.094707820880092,50.48782927339352,c1
38.874586244942996,19.736797793801237,62.02554548000086,88.98315102248652,c2
38.75704014595908,24.76959516851452,56.772998470717475,86.52581903488911,c2
79.62486208164766,54.92061650832376,27.80881814461413,93.08673631759366,c1
30.872076671786775,12.210427058114776,61.64516337476037,59.953444811187794,c2
53.25992110709675,52.00151919385437,21.533891916341787,79.05962155723469,c2
23.738542861057624,1.1768139586225437,98.5603205031555,52.47551760822717,c2
23.03182398373104,3.623614109793558,90.32890343980873,66.07927112032516,c2
62.64630162473227,80.9524522258435,18.998083012040407,45.3849441246806,c1
83.55724783477201,82.32272018020782,12.361341460787905,63.2923247588132,c1
32.42108906821279,63.174516458557065,19.1863355375105,50.12320757976667,c2
54.30247567949578,64.88566756595958,3.8680078402653626,43.06900533747965,c2
79.38616417512205,89.58566419828847,5.053094104723545,35.84931394746174,c1
58.09229171624516,83.17474096996412,15.568957718568937,58.800476463260495,c1
47.22966200087979,62.988920362062075,14.864195403536737,51.95813670131027,c2
53.5227051467884,54.192750526666345,26.03338574536369,73.68622530165399,c1
98.11421442427651,88.27713688086303,3.768496779891014,48.395573619938716,c1
71.35120322494573,85.85353624175389,7.064854502767787,66.77305254735082,c1
57.75753773374005,65.91542655296412,1.527990178129107,40.15294106949634,c2
33.21290266750319,65.01738092476248,16.669179572231677,51.40529383416532,c2
66.4697949794114,48.50943135002451,44.75111465311134,71.54632332214918,c1
58.45430485544715,65.36574779136903,4.8536412001636995,60.10620402447784,c2
36.68159430009591,52.31123267988041,28.14482951730674,74.35645634996408,c2
37.38182290201848,81.045250274091,15.602128072027055,61.0109386508088,c1
20.871283415904056,78.18834261937458,22.41237211105607,19.37677878101784,c2
64.79458278346277,75.470257851351,23.16905249100739,83.01026578284551,c1
67.07843858396613,51.41304486112098,43.1714304176449,75.20299699027979,c1
70.4029018742473,85.52088517364086,8.50798027010145,68.92432053974922,c1
81.83876713612992,82.24563793045385,10.785534279621773,64.69170826627385,c1
22.76139584189689,3.46870123892878,77.893467163504,49.218472953435715,c2
41.86371863934982,45.210984594775624,33.61879940551834,82.4223246678851,c2
40.53104875639112,95.14531500821337,22.52310508971073,13.145475872227824,c1
47.360621335698674,35.26138740565844,31.344691666487172,84.5622266473899,c2
74.11317598021188,87.63466007102045,8.95470308225817,54.13313692863052,c1
24.898138733242465,26.945484888511377,68.11208994765977,76.23766787601043,c2
33.8237096971926,33.44172245151489,51.409740021969974,77.1783372887058,c2
79.8426468785381,61.548679685833704,26.247442221121332,84.2447966392973,c1
36.118382623369314,46.26394309384202,27.7610011415771,81.04667339534629,c2
65.86331479999133,55.06770889850963,42.37749585370582,88.94768906225848,c1
41.11012555077198,44.36682170426609,22.10231115514679,76.63747874555588,c2
46.89180710901499,78.95467488877331,24.77838326835678,64.50348709275575,c1
31.068948359042032,53.24037313795852,33.27891097852543,79.70630222682925,c2
80.74118945113905,78.76122089303155,12.10287117410128,66.72576993371341,c1
44.19819858800453,44.0109711240912,21.92883451439895,78.33060549023885,c2
0.04110507755878495,86.31041695510147,23.486505697115902,36.449439428244084,c2
68.05630674483844,87.11566453505559,9.080061171301184,50.370532020331524,c1
68.03683591862637,88.19968044543064,9.692635750748488,52.06361330096293,c1
78.01238921460455,78.39713822793146,16.225903030564112,81.37592405684825,c1
25.284670690637416,52.67512825214128,25.60148189631034,75.03841712358039,c2
68.29788921821027,86.6434422088929,8.781097206366987,64.50348709275575,c1
68.47096322898413,62.632695596208755,23.634135309195084,77.21360829991725,c1
79.46404747997029,93.26353523145255,5.8539212096409425,38.224356001709445,c1
15.769205806633057,29.446167777374487,70.07947961315614,70.25296198296007,c2
26.348354715185078,20.79761419211441,67.27809248928425,86.65511879756677,c2
18.432382147415783,1.811807054896779,97.33474056044975,48.45376760595397,c2
61.67203917241777,51.684048838714745,49.62327955715425,74.96785691553688,c1
86.30984574778789,72.1022125599165,12.099424903612125,73.12183456540913,c1
56.99990625157751,61.62613612126609,41.25573480948586,82.70447457195596,c1
57.532253063049424,84.78523612987236,15.521140715531912,62.634005292015594,c1
6.338114502880959,84.12704352153627,21.840265362827665,44.679342044245615,c2
31.410769530320405,51.173015973986615,25.428005255562496,78.28356838247997,c2
38.78588581442139,63.840566966139946,12.992439744114417,57.51929948989334,c2
40.36590730444439,59.558760248010266,20.73659723867577,62.563081371559505,c2
70.1093971976433,63.267314506804574,24.23947272061516,83.0454549587641,c1
31.209570992795793,94.39432435162976,31.857755185560126,41.69326313683771,c1
53.18672522337364,63.925507115140675,3.351498050703257,41.2468061503769,c2
23.884934628503846,2.9964789127660887,78.69472505223254,53.32205824854288,c2
60.2211020487636,69.95738025122826,31.392939453335345,79.72976167744164,c1
52.763126582004624,86.03164862468054,8.614814655265256,33.67431372014148,c1
33.040549798440885,99.17155290798401,26.72358756757921,8.241723269410874,c1
55.56937743836041,51.36658970914547,21.96204794623818,79.85915236822244,c2
76.800149997476,77.19712475724704,17.765093587782975,80.2941524136865,c1
71.01154547880203,53.69721643273826,28.55450492170505,88.75946788874037,c1
37.555618054503896,26.87551216664733,47.08036271996899,82.7280249506715,c2
41.11012555077198,43.762886019300495,34.87367264738191,83.24540585758841,c2
32.2862355681515,29.871991079413423,48.67124733452518,78.15423224856104,c2
42.71178129214172,91.67623958360618,31.791414478643894,26.34914573047091,c1
41.519734042936776,63.77845214352266,15.159282314170634,48.077325258917774,c2
45.1695764734728,64.26639026817888,7.75497016822108,45.3849441246806,c2
36.3130908854899,26.395431941237884,61.61199302130226,78.63630577302526,c2
77.69725028665384,37.003595924369584,37.23609106769768,77.67216236122097,c1
30.657897583454126,30.15861730908111,48.4162233183277,81.9049437609682,c2
62.614571389423745,64.81606902977396,28.78712817972301,74.41519590459824,c1
88.29154317114856,52.76033033111691,23.545566157623796,88.45394946216027,c1
77.8768145728317,31.242633219456156,39.25129773623107,66.33750693326786,c1
80.0272591566969,53.039061242969986,29.04516768259849,83.66867617774625,c1
14.509371236541691,79.61286749710942,22.194585047493916,9.50016821699082,c2
52.47531892492194,34.64173592219931,31.902125918108,90.86445347663603,c2
75.26700271870425,55.834116005044024,31.990867383203735,96.69658201260263,c1
49.938630840346434,53.79787238023251,21.109397548840118,77.19009429244295,c2
73.41078395315463,36.15943303386006,42.45891399401211,86.72567900561026,c1
56.245159336261175,62.87254861607426,35.335042109117545,77.10778617347262,c1
71.86465612357485,74.16173053392554,22.290563680616884,72.39286396246489,c1
25.500292062393175,4.514176024426836,88.08107351325737,70.88791292724842,c2
70.05098471900712,72.70614824488207,25.9152648243479,64.1861480127663,c1
82.75750167665447,88.53270569922206,2.613134598401793,43.644580230411805,c1
75.1927251224138,63.76311053070754,26.69037413573998,80.01200250961564,c1
32.87396606307106,23.6623797460776,52.48023779266375,71.86375333024178,c2
44.7893184489684,51.684048838714745,23.00295086910634,75.62626731043764,c2
80.89623491912397,89.93403106489501,6.164085553664895,38.577157041926945,c1
78.54459179773417,88.18433883261552,4.890688607922114,37.18959418787565,c1
59.63841954582495,66.62001818542397,2.7682167704137672,42.151540776707854,c2
54.529851661149934,39.326166430306046,36.080728886208455,68.77165225456233,c1
71.67427471172361,54.1850048831231,32.636612316109165,94.69707302435964,c1
45.423706812625745,50.3058219549705,20.928554504921703,79.84733171481308,c2
17.776864331609804,64.45198636467387,25.645809550477093,69.11245078516417,c2
71.61009309939497,53.20942798235341,42.547655459107844,75.50869727306619,c1
17.059328328609855,30.344587591254534,70.02433928532967,74.68570701146604,c2
71.18966748155681,75.29214546842435,19.603420423460488,72.39286396246489,c1
91.22803222061167,90.08146022219145,2.0927477545393853,38.14252070887549,c1
50.908061643193506,84.06492869891898,28.79789777500162,41.65780117660965,c1
20.3160042980046,74.99803552518831,23.453249186895558,27.301162970439268,c2
54.83864454203895,55.28443724344895,12.981670148835809,77.67216236122097,c2
67.29261767229877,65.5053190494187,25.490770456846235,74.10949562181183,c1
81.36425588992492,42.23770519407141,29.698666724104505,84.23306691399111,c1
80.11956529577627,40.54975359873077,32.24546061559007,82.2812042517981,c1
76.13597848113133,89.66312063372087,4.351778060180499,32.46315138619893,c1
79.9212513250979,53.46492196357677,27.199689835655978,87.78380934195332,c1
31.56581499830532,3.592556698484925,77.34723329097294,60.3762604908299,c2
83.66541909150568,42.47755821393692,34.14995584465936,92.42841685079607,c1
47.686937960178554,50.987176656800635,22.962349494905983,76.30822808405394,c2
45.673005502311256,30.731495582738066,40.211084067460746,85.93796884803186,c2
73.18218203059082,87.23951999461173,4.4478428500656975,41.32864144321085,c1
66.44743958635311,48.772708393358954,46.323475563788314,71.14660338070686,c1
54.358292047970345,89.79483399252376,18.045964632649106,41.21134419014884,c1
34.50014062263375,16.639288747862462,63.14773730803196,69.91198159615192,c2
91.75158110320258,80.70474130673124,11.205979279298685,69.31231075588532,c1
45.60081921698433,30.15075940983435,39.26982144011028,87.03183392891242,c2
75.75377337400573,34.889446841311596,38.033041118314785,79.13009083717503,c1
46.218837663789316,32.349848641893075,42.42574364055399,91.18179255662547,c2
40.5620578499881,43.104693410964394,29.310961294074566,83.36297589495985,c2
68.71110341893285,47.81258536110789,45.777241691257245,76.32004873746328,c1
78.46382392603971,74.6807260698904,13.966872724922998,77.42524345999618,c1
45.31777109519792,61.0222004363005,9.648265018200616,66.24385098702456,c2
47.11896674815568,62.26861293110868,14.971029788700541,57.16649844967583,c2
55.67906309268834,66.9530434392154,3.08915070971633,40.0701964956309,c2
32.24945734086205,25.923209615075194,61.54177526008573,97.14303899906342,c2
20.25542839423375,69.93418073916638,20.651689749499216,29.347045291288172,c2
40.93272468972878,52.22606801947263,26.671936588623,92.09925711739727,c2
79.95081813527177,93.3488495661317,3.9972429836086767,34.62633096010983,c1
52.654378411901725,70.28254760577293,1.062743662093181,19.658655900779255,c2
91.10255356280062,90.6928796207254,3.886531544144573,38.28345926875619,c1
49.933799190879,45.628949997567794,57.36360307579641,77.47228056775506,c1
14.38245029530753,29.825592055289675,71.2089947659767,74.18005582985533,c2
92.51382789231913,81.06096607258453,11.486850324164818,73.29823508551787,c1
12.604114834606147,32.28025010570745,67.2854158140737,67.56048992061976,c2
34.045100202640825,63.38368625279236,18.462963361836863,53.03927184774998,c2
64.74338172194219,82.09072505958906,22.670751933142355,57.19013975649454,c1
46.13417562685244,34.30122695483953,58.7291877571241,53.08655446138737,c1
8.367407279204434,80.19360367001313,25.16595946324337,51.217072660647226,c2
62.18477092933532,54.78897798665654,12.804187218644325,85.22072797039381,c2
86.29902862211452,54.11533150980179,26.103517349817995,88.72491520954381,c1
76.45183855079361,56.43056797644127,28.33308204277683,92.78121789101357,c1
40.03562440055095,43.2364067697673,29.687466345014755,85.85558798657902,c2
32.061960495857036,16.554348598861726,64.96349107200552,75.17953753966738,c2
59.6153430110551,84.38261233989532,13.236263381222136,70.39408239904706,c1
51.657976909042404,52.37316040965848,20.73289249789993,86.54936941360467,c2
38.7361270363239,43.716486995176744,29.595278609429858,84.19778680996936,c2
38.09935890501843,27.35559239205679,59.29049906304521,80.63513280049465,c2
44.4850687608622,57.723379495373194,13.309927412927822,70.62922247378997,c2
40.710613042568994,15.353960942498885,63.54621233334051,74.55631632068524,c2
40.708449617434326,63.95656452644931,16.772136903095184,59.58882311756094,c2
59.08963070332951,56.724677919677305,45.4856010511125,73.76851523500369,c1
87.07137139519287,82.22992213196032,11.461003295496157,68.32428598707001,c1
70.19449191960712,92.00926483739761,8.555797273138477,38.72991625521699,c1
71.46009562339096,88.958529001261,8.96547267753678,49.45306745955972,c1
34.67321463340761,25.226475881862097,55.05287871281798,83.30414541222254,c2
74.07207090265308,80.49557151249593,21.142610980679347,54.62687652872873,c1
77.16432656181266,72.8146620916231,15.380705193098846,75.56752775580348,c1
76.20881379399866,56.33739574251535,31.075451784521942,94.08603617119941,c1
49.050112137536146,44.86261772816908,31.968897408835378,89.01861298271456,c2
36.32751371972106,49.68635756435059,28.51401124345747,92.76939723760424,c2
46.309340948589806,53.62754305941695,21.109397548840118,71.68744373823618,c2
18.491515767763524,79.11744565888486,21.42684213927241,16.119734126226387,c2
13.528618508823165,81.6338443462415,22.962349494905983,36.82497249424879,c2
66.26210616648277,74.28558599348169,20.282594180110713,57.44837556943724,c1
75.63766955844493,62.578438672838246,27.19624356516682,82.69274484664976,c1
62.27851935183782,69.14427477202739,28.698386714627265,78.47169862789492,c1
60.44898282961585,66.99944246333916,2.5170698085165952,54.09767496840247,c2
57.46872047826118,86.82941249106632,19.917160273116938,62.516708038953595,c1
29.38580360426627,1.8192907684651285,80.80987356495143,53.839439155459765,c2
70.51756340638498,32.706073407746395,51.46531113360759,72.46342417050838,c1
60.70210357037262,84.7620366178105,14.528184030844123,72.83968466133828,c1
60.129517051395766,67.57269492267453,1.8971719042798387,51.346190567118576,c2
49.621905400630276,27.35559239205679,58.77355848967196,63.89154095856405,c1
68.87624487087957,77.13500993462978,22.644913520149913,81.8109241023123,c1
4.86193741932227,81.50998888668535,24.601201886833092,48.44194695254462,c2
54.68850283769263,74.10747361055503,30.01960066340707,73.53337516026079,c1
77.38932277581868,88.53270569922206,5.200852951946066,38.024314174782,c1
54.89063885944228,80.0850898232721,29.558231201671443,48.418305645725916,c1
39.35270319970577,43.468776076064465,30.130312102871176,85.92614819462251,c2
50.60097065674376,50.88652070930637,22.283197277446316,88.81857115578711,c2
48.1509205373948,62.36141097935618,7.064854502767787,49.90043372705202,c2
23.259704764583287,70.77048573042916,19.96885433045426,28.34774543768242,c2
44.326273355977186,59.12507904672456,12.582764339716112,66.13746510634041,c2
51.63006872480511,75.0212350372502,16.0966678872208,55.22609272847958,c1
52.95278685214432,52.18733980175643,15.214853425808258,82.175454867836,c2
15.114409132538631,64.90138336445311,26.336054451073732,64.12704474571956,c2
76.20448694372931,54.23147874438254,30.06397139595494,83.58638624439655,c1
75.71050487131225,87.1699214584261,5.492062808279667,45.04396373787245,c1
56.275952087344685,73.31794182909445,27.923406638378527,71.85202360493557,c1
32.097296439723365,51.14205210909758,28.284834255928665,87.1964137956118,c2
76.15977615761274,75.23040483148549,15.10758825683331,77.54282259017795,c1
76.26866855605796,86.56598577346051,7.127318155383722,66.39661020031461,c1
53.596838514736525,51.00266794388711,22.633838068365392,80.9172827045655,c2
44.75946318210992,54.54893787395182,15.702069916212553,75.97906835065513,c2
55.22950334970324,66.10925473438431,2.4063583690524917,37.76607836183929,c2
52.57447591026113,80.13934674664263,27.029961014065094,69.78268183347427,c1
87.65477503984307,49.6708662772641,25.47969931289982,87.90110659501532,c1
48.273226171675,50.089018772895486,20.71075021000711,83.421715449594,c2
69.28080537106347,83.84041729186858,9.873564951429127,65.8319466797603,c1
52.58889874449228,86.43427241465761,6.887371572576304,20.857997581312453,c1
0.5927784869004564,85.18785991984943,23.711633316819956,36.15483237404184,c2
80.67772898052196,78.69162235684593,14.520860706054666,69.90025187084572,c1
35.16936013095933,62.84149120476563,12.375988110366814,55.68527964938122,c2
69.16542269721423,74.5490127110875,17.772416912572428,66.47844549314857,c1
35.596997165913066,55.95797146460016,20.474551446356646,70.20595215363213,c2
63.281627472614645,66.33376614143471,2.3473409869257122,54.97967756894624,c2
50.04550404199929,58.34303097883231,13.221616731643227,72.56926448257363,c2
19.87610785395438,83.43030978832317,36.29482844034721,69.39460068923502,c1
75.3311843310329,84.18878415847513,9.884765330518881,72.52225465324568,c1
66.6111387548767,56.69362050836866,27.7610011415771,85.52642825318021,c1
62.57346631186495,63.83270906689318,35.157989962737204,78.5187266428435,c1
48.7141322141214,63.43008527691612,7.363818467701984,48.724733353337506,c2
48.16729045424716,82.555089486505,14.495013677386003,47.41900579212017,c1
37.96089969639934,54.73475848185386,53.48784112693045,77.97786809969355,c1
47.912222630869195,73.90616171556651,28.7647274215435,67.16040626676487,c1
47.78032581182528,52.752584687573666,21.323497102978873,74.45047600861999,c2
39.801974486006245,27.29385175511792,47.57102548086243,85.66745774116407,c2
68.44139641881026,27.897787440083516,57.07583948995196,79.600461914764,c1
29.105279478470315,5.745246906419902,74.2727292308355,58.08396301044764,c2
74.18456900965609,76.34547815316917,20.038985934908567,85.6321776371423,c1
53.15780744074018,34.866247329249724,42.46623731880156,68.73619029433426,c1
63.034275865550335,62.42352580197347,35.283348051780216,78.73037089573273,c1
54.89835507575593,51.444169625851735,28.12242875912723,72.61609245569528,c1
36.95418586706474,95.27702836701629,33.7368341697719,47.93638669903707,c1
39.518565793364054,43.25960628182917,41.119176341353096,80.27060203497093,c2
44.44944436031125,63.72419522015213,6.928296034635021,47.771806832337674,c2
28.438223395279405,12.396397340288196,61.42029422534301,56.42543440901279,c2
51.84958426180329,81.26976168114143,27.399142740215826,47.34899115269556,c1
22.784472376666738,69.86458220298076,18.79505460184806,31.534775453049274,c2
54.595114986045914,55.14512791537417,40.1076959527861,68.19516808059866,c1
68.23226532245852,75.7336845689568,19.51114653111336,79.80032188548513,c1
65.21140269274315,58.51328546251221,34.18355698192862,82.03433445174899,c1
78.98160367493816,74.23132907011117,12.202813018286776,71.52277294343362,c1
49.580511866386864,73.60419387308372,24.918646477265387,71.35819307673422,c1
47.232546567726025,54.88188829060756,15.75721024403903,72.55753475726743,c2
38.51329424745256,51.49821700524234,18.492385896138025,72.89851514407559,c2
66.37171970663955,25.79149625627229,57.88786697395911,76.99020704329087,c1
70.85361544397088,92.62105842160997,7.4486828784974275,37.683333787973844,c1
60.15764157814652,61.17673912148687,31.433433131582916,76.00252780126753,c1
70.72957906958297,54.01467556230754,40.64660650052772,75.14425743564563,c1
80.37773402851394,33.550236298255925,37.199043659939264,73.25122525618993,c1
46.95627717802825,51.173015973986615,21.832855881275982,87.20732516798967,c2
31.292502289624935,57.64629724561922,26.372929545307688,76.89614192058339,c2
55.700264659008134,69.68646982005411,0.31361061451310646,22.221919128545053,c2
90.40593066943585,57.3286136046429,22.951274043121458,95.26173654491393,c1
37.38182290201848,81.045250274091,15.602128072027055,61.0109386508088,c1
4.6455949058549475,75.66408603277118,27.439636418463394,17.554579593915083,c2
45.482407747946546,58.033205237102756,16.336614470028216,67.19586822699291,c2
52.32899927164687,48.935292070631284,26.550110926831373,80.42345217636415,c2
72.3139274098753,78.7301634817229,21.009757253322423,57.33107831637524,c1
70.40794986622821,77.91705800252203,20.23830960432507,81.52877419824144,c1
24.12940166872192,0.3562247658533124,98.50130312102871,53.92127444829373,c2
0.0,85.96205008849492,23.888814698343637,35.14371186702673,c2
40.96733949188355,91.55238412405005,30.104465074202512,51.33436991370923,c1
32.88189862189819,24.204200608425914,52.232967885066884,72.35758385844312,c2
32.10667128197362,50.07352748580901,26.79742391280936,81.63452358220354,c2
51.2604042720435,60.85942966618896,10.10618820944709,72.07543395437229,c2
56.12386330037717,52.907422721302765,32.24546061559007,82.1283541104049,c1
49.835651803935995,44.88581724023095,58.66284705020786,80.92910335797485,c1
57.16158622330874,76.19804899587275,25.17703060718978,73.70977568036953,c1
13.248815524738761,78.69910607041426,23.076774290822154,11.34600871091228,c2
55.26325278180415,65.29614925518341,5.208176276735522,58.8950416905353,c2
68.09669068068567,86.55812787421372,8.312404419841904,47.24260527201142,c1
28.573076895340705,53.813363667318995,34.41962651043574,75.56752775580348,c2
28.164189544887464,53.11648025983453,34.06896848816422,77.14305718468407,c2
39.92673200210574,51.80019233143871,52.35832597410989,73.12183456540913,c1
45.1089284555308,87.33269222853764,6.459172464298792,9.50016821699082,c1
38.4786794452978,61.99770249993451,12.527624011889635,56.36724042299753,c2
53.52241669010377,54.19293761950556,26.03355805888815,73.68631622975713,c1
58.70670445449234,53.92951090189975,48.571305490339675,72.42814406648662,c1
60.56652892859976,67.38672464050111,31.965020354535078,80.64686252580084,c1
50.8060208121498,36.54671521102201,30.50681715381136,86.06726861070952,c2
38.17868449328978,29.748135619857287,48.058241971266725,88.74764723533102,c2
41.64881840930561,62.08264264893526,12.320847782540332,60.57630231775734,c2
29.799738946700412,13.851979629331668,59.024705451569126,59.58882311756094,c2
62.05568656296649,54.88963393415081,14.284360393736403,83.68040590305245,c2
80.49095327722851,92.41974652662145,6.0016800568634645,39.7173954554134,c1
76.11506537149616,62.41566790272669,27.328924978999293,81.4346636114824,c1
29.99372606710945,66.11673844795264,21.95834320546234,67.11403293415896,c2
64.14843980990705,74.5336710982724,27.155319103108106,59.1769188102967,c1
44.90772991800618,30.065819260833614,41.69125724255282,80.64686252580084,c2
63.720081633241755,47.35581690346384,29.428996058328128,75.35584713167299,c1
74.99729571858165,35.423783990091565,48.72251060805135,79.3887812906335,c1
76.73164153487802,78.21902584500482,17.156396062635967,79.65920146939813,c1
74.36269101241085,35.29207063128866,38.66069313115214,75.01486674486483,c1
39.41255796176506,92.10992078489188,33.74028044026105,51.028851487129124,c1
27.09113067808955,66.64359188316425,20.817799987076484,61.15278649172099,c2
59.49491234522496,66.78278895553552,2.251276197040518,53.968557061931136,c2
25.1757782921922,58.62965720850001,23.575074848687187,55.53252043609118,c2
50.733820103988634,86.31041695510147,20.994981368600172,59.87070023732235,c1
74.58408151785906,78.0334297485098,17.06033127275077,79.75331205615718,c1
35.470797366390464,55.95797146460016,20.378572813233678,70.34698164161597,c2
93.60058845163664,74.61075334802636,11.612208413207831,74.40346617929204,c1
43.36152997425524,27.63436072247771,46.57462252568549,84.9973176209571,c2
35.718148973454774,49.72508578206678,30.112219182803113,93.58047591769187,c2
55.5067823377972,70.92539860129394,27.369418657246865,73.89790592578449,c1
68.57624991887155,56.74787743173918,30.14883580675038,81.4934940942197,c1
78.78689541281759,75.49345736341287,12.29500075387167,68.78320012366221,c1
57.20110478910211,60.00778306211109,9.397548840114588,76.64920847086208,c2
34.730184828620665,98.45910337627738,35.4530768733711,45.6677305254735,c1
38.33445110298624,28.997144963273673,45.35291963728003,80.41172245105794,c2
80.88109094318125,64.01082144981983,16.635578434962415,83.22185547887285,c1
33.90159300204083,97.85516769131178,25.80451030650269,8.770924829737126,c1
78.60805226835124,54.47151885708726,27.524500829258834,93.19221291724632,c1
32.09224844774246,47.58818620976101,39.550261701165276,84.79745765023597,c2
63.58162242462265,27.464106238797815,57.88054364916967,69.55927148403757,c1
24.882994757299752,28.230812693874952,66.87918668016455,67.23133018722096,c2
79.0969863487874,74.09998989698667,14.088784543476857,77.13130018094691,c1
66.73733855439933,29.686394982918422,56.23796497727616,69.97081207888922,c1
80.49239556065162,41.07623284826396,31.69190341826954,83.8568064231612,c1
65.31668938263057,53.170699764637206,42.52913175522864,74.86201660347163,c1
43.49133548233563,62.756551055764895,17.747000667714907,63.01044763905179,c2
57.534200145670624,83.87147470317721,15.727916944881212,65.86740863998835,c1
74.86749021050127,34.27016954353089,39.92676675210545,75.56752775580348,c1
70.02502361739106,89.76377658121514,7.946668964180328,41.2931794829828,c1
51.23441432475896,62.50098223740584,7.4930536110452985,53.415714194786176,c2
41.82405584521414,45.11032864728136,20.507764878195882,75.81439755585258,c2
79.64793861641752,38.087611834744635,38.09593555474186,80.16485265100886,c1
13.849526570466361,31.66097280792675,67.50683869300191,68.07787082753667,c2
38.477958303586234,63.918023401572334,12.937299416287937,57.742982623639485,c2
57.04418435266714,89.86443252870939,16.34781484911797,41.28135882957345,c1
52.30397565425582,86.84475410388143,22.364387102332696,60.82362675832219,c1
52.505174191780426,59.34959045377497,8.330928123721112,71.67562308482682,c2
24.7611218080465,63.97976403851119,20.533568828483425,45.232184911390554,c2
85.58942517794172,54.541192230408576,29.824024813147528,88.52487338261636,c1
61.97131298271423,65.76088786777775,1.601654209834796,43.644580230411805,c2
83.5659015353107,82.09820877315742,12.180412260107266,64.43256317229967,c1
50.336232323013796,74.72712509401414,27.505977125379633,67.44319266755777,c1
34.33355688726391,48.33135638566569,34.48252094686281,78.13071824108677,c2
43.98639926732002,51.684048838714745,21.729510844982443,80.5998526964729,c2
76.28164910686598,76.63958809640519,19.245395998018395,82.08134428107694,c1
5.485003858108152,76.47681732629366,25.036767398281174,13.980195859134179,c2
29.30359344914869,60.30975090459388,25.04047213905702,74.07430644589323,c2
34.80806813346891,96.29892945477404,23.109992030499495,6.936904989225012,c1
38.53276507366462,24.90879224088577,47.714907273784654,79.24775180264963,c2
32.78887134110724,93.24819361863743,31.108622137980056,46.23148476499631,c1
79.93351073419437,35.106474534793655,43.21924742068193,88.06568646171472,c1
35.488104767467846,51.327872716999636,31.16763952010683,90.02973348972967,c2
41.5586756953609,59.53556073594839,20.72182135395352,65.02086799967265,c2
29.23364270312759,52.70611082631424,24.71195640467831,78.35411949771316,c2
42.271163706379944,94.60311996018665,23.442178042949145,15.719650472371494,c1
38.558726175280704,55.52466444899288,60.80728886208456,86.36123916818971,c1
83.00557442543035,60.108439009605355,26.897107286708167,85.27946752502795,c1
56.25669760364609,52.62869180944969,15.661145454153836,85.35002773307147,c2
79.18352335417434,55.01352681227479,26.155168328774202,83.88026587377361,c1
79.12006288355724,56.817475967924814,30.558511211148687,85.89086809060075,c1
55.866848394377975,52.17959415821319,15.078294957675492,81.01139329132455,c2
48.02774953306074,82.93451376442019,32.08693217308893,43.71550415086791,c1
48.16058383632968,62.926805539444786,7.773493872100288,52.41641434118043,c2
54.77128990617947,38.5830336729692,30.115665453292266,87.73652672831591,c2
21.98616850197232,61.347367790845176,25.47969931289982,67.18404757358357,c2
17.367255839445008,3.824926004782092,94.78406961466389,48.47740891277267,c2
46.791640525279625,21.889113816057804,51.701380662114715,84.4916664393464,c2
46.816664142670675,62.26075503186191,15.668899562754431,55.614355728925126,c2
54.44785784854581,53.325537798366305,14.24042044499968,82.97498567882376,c2
64.46141531272312,42.121333448083604,34.87367264738191,70.47637233239678,c1
26.20484751458509,69.71752723136274,19.459452473776036,33.47427189321404,c2
84.88270630061514,59.4191889899606,21.552329463458765,91.93467725069787,c1
49.29652626037543,86.03950652392732,6.813707540870614,15.802395046236938,c1
38.32291283560132,25.938925413568718,61.32422943545782,83.91554597779536,c2
27.535353972409116,61.98984460068776,24.16197471299029,69.90025187084572,c2
33.33333333333333,50.62328108453977,25.79343916255627,81.52877419824144,c2
73.74178799875963,78.59845012292,18.15667607211321,54.168598888858575,c1
46.023408259957165,39.46573768835571,39.166433325435634,88.48941142238832,c2
82.4041422379912,40.03861596201267,35.87739892734832,89.31231075588532,c1
74.79681832276862,54.95156166392887,29.58063195985095,81.30536384880475,c1
72.65502743944212,60.123780622420455,31.876278889439334,80.9172827045655,c1
65.87701649251095,82.61720430912229,22.870071294720745,47.97184865926511,c1
74.37783498835357,58.21131762002941,31.88747926852909,83.30414541222254,c1
53.157518984055564,34.866247329249724,42.46623731880156,68.73619029433426,c1
60.56364436175352,63.561798635719015,41.49568139229328,84.87974758358565,c1
76.57226921662375,88.1147402964299,5.628621276412434,46.23148476499631,c1
40.77046780462828,98.31990630390614,25.74915458677063,9.088263909726574,c1
43.76500876187179,27.526221061415097,46.906756844077805,87.11366922174636,c2
89.86074753549819,89.50072404928773,5.178452193766561,44.091946497904104,c1
39.807743619698705,26.697399783720677,47.53785512740431,76.75504878292733,c2
78.34050869336333,52.404142983831434,31.44463351067267,96.42561626521908,c1
88.30596600537972,64.67687195740271,17.370495616774722,86.93726870163762,c1
83.74474467977703,78.51350997391926,8.644538738234218,64.1388653991289,c1
28.314187020891474,19.248859669145023,67.74678527580934,86.56109913891086,c2
75.8619446307394,84.50646779945144,9.035690438753312,69.33586113460086,c1
33.54967584680065,48.602341653975536,35.7559178926056,84.65633723414896,c2
47.9410682993315,51.45950375495328,22.48619553277188,73.66276585104158,c2
58.465121981120504,82.84957361541944,16.738966549637063,62.71584058484956,c1
54.405454715906224,53.98369298813458,17.69142955607728,81.36410340343889,c2
92.66021965976535,70.28254760577293,13.128998212247184,81.71690444365639,c1
79.11862060013412,40.627210034163156,32.304477997716845,80.5292924884294,c1
84.98871413221411,59.42704688920736,23.36097529454843,92.76939723760424,c1
36.15516085065876,65.93114235145765,20.038985934908567,67.04310901370286,c2
42.630292278735695,58.443686926326585,16.923772804618004,65.1736272129627,c2
62.33621068876245,74.45621466284,25.051543283003426,82.08134428107694,c1
74.35908530385305,64.32813090511773,23.663644000258472,77.11954317720978,c1
75.89367486604792,35.95812113887153,37.85254270144527,77.01372105076516,c1
44.4850687608622,51.41304486112098,21.90298748573029,82.79858515871501,c2
46.35268156545443,51.196241679045976,21.400995110603745,82.29302490520746,c2
55.42010110406797,78.1108861839422,24.276390893230236,73.96846613382797,c1
73.04083825512551,41.866138815402984,32.38201908372284,80.54111314183874,c1
51.00144228342312,47.60352782257612,28.812975208391673,84.7621775462142,c2
81.49406139800533,93.80573027947928,5.13408146121869,38.2125353483001,c1
51.634900374272554,53.000333025253795,18.540375212699505,81.62279385689735,c2
36.042662743655754,56.12860013395847,23.571370107911346,67.80690508015311,c2
78.06503255954827,89.15235718268119,6.027527085532128,43.75096611109595,c1
22.511880809697914,66.77493105628875,21.751653132875266,58.49495803668039,c2
31.608362359287224,45.52829405007353,28.65056971159024,79.22420142393409,c2
85.3730826644744,77.6772049826565,14.170202683783145,74.54458659537903,c1
53.49768152939733,48.45524926378968,26.155168328774202,84.50348709275576,c2
50.11867108005394,53.00807866879703,21.356710534818106,76.47289887885648,c2
45.71057698548342,62.60163818490011,7.286277381695997,49.12390772616092,c2
60.24057287497566,68.54819698630854,32.65168974949921,79.77677150676959,c1
77.22562360729506,67.6344355596134,25.180735347965626,80.79971266719406,c1
62.085974514851905,81.20016314495578,22.526796906972237,58.00121843658219,c1
56.66681089500898,69.6475545094987,0.10683438516380526,22.421960955472503,c2
54.817515089890314,50.375495328291805,23.560298963964936,81.78737372359674,c2
74.15860790804001,53.070043817142945,28.809098154091366,88.59488802204096,c1
24.6587196850053,66.48867901229949,21.2275184698559,42.22246469716395,c2
48.26745703798253,63.48434220028663,8.101751136192302,48.782927339352774,c2
33.404005221065994,65.5438601742957,21.039265944385814,65.94924393282231,c2
30.14516582653657,68.44754103881428,20.267818295388462,38.965420042372486,c2
54.365070780058986,72.21821012022586,30.433153122105672,73.43935550160488,c1
40.519510489006194,47.83582229173761,32.932130010554204,81.31709357411094,c2
86.36609480128939,60.55746182370616,22.013742003575505,92.49843149022068,c1
40.73729528589663,57.39821214082852,55.24500829258837,84.8561972048701,c1
42.231500912244265,46.852537165992516,32.5224546061559,84.75035689280486,c2
57.738283250041455,73.38754036528007,32.78092489284253,78.33060549023885,c1
67.02146838875306,32.29559171852257,41.259181079975015,66.37296889349591,c1
53.54195963048699,77.02687027356716,30.580911969328195,72.15772388772197,c1
57.368626008696964,64.02616306263494,5.3003640123204185,62.50488738554425,c2
35.0727271416106,27.409849315427305,48.76688134059922,75.83794793456813,c2
39.06929450706358,27.79713149258925,42.83541904495229,79.27121125326204,c2
87.71535094361393,83.55416524787931,8.160768518319083,63.65694645244005,c1
100.0,71.06459567366518,11.818984642557135,82.69274484664976,c1
90.47516027374539,90.32917114130375,3.7611734551015576,41.16406157651145,c1
48.35118159069439,49.1056588100147,55.79511921941973,84.3036271220346,c1
26.655561084308676,49.647666765202224,34.11333922071209,82.61045491330006,c2
47.181561848718886,58.17277649515242,13.092381588299911,71.53459359684297,c2
53.87217042020927,47.98291468192347,18.148921963512613,80.64686252580084,c2
44.03457153365207,32.45050458938735,42.315032201089885,90.33525191630977,c2
47.10548139814954,50.65422624014489,22.858995842936224,84.66806695945515,c2
63.846281432764364,80.00014967427137,18.555151097421763,55.29701664893568,c1
82.56351455624545,92.35014799043581,3.0525340857690595,37.472380588668535,c1
80.32292725843556,89.66312063372087,5.831951235272579,39.69466342962619,c1
64.19098717088895,63.53859912365715,22.083873608029812,75.34411740636678,c1
35.97920227303867,65.900084940149,19.34503629353609,66.69030797348536,c2
88.72999733177566,66.44227998817573,16.063497533762682,86.9136273948189,c1
31.53985389668924,12.427454751596835,62.03286880479031,61.975685825217994,c2
35.347482133714095,50.909757639936096,28.462317186120146,75.82621820926194,c2
22.73543474028081,22.229996969096003,65.07807956576993,82.0460641770552,c2
45.744254303413165,38.9003431282671,40.52469468197385,91.40547569037163,c2
28.123084467328674,2.756251707222155,90.30693346544037,71.71090318884858,c2
43.85551204667229,61.62613612126609,9.320007754108603,65.79648471953227,c2
69.23104659296598,61.347367790845176,30.74676373661878,81.38765378215446,c1
56.57825469282969,62.19115649567629,41.48448101320352,83.1983051001573,c1
37.100577634510955,64.66115615890917,15.085618282464946,42.728024950671504,c2
48.77860228313466,82.1756652085898,9.271759967260431,54.74417378179074,c1
23.562584283437534,60.95222771443647,26.36185840136128,74.90902643279959,c2
84.2726204126373,38.91605892676064,33.96170331918927,82.75157532938704,c1
67.3178576322033,85.35811440352933,8.80694423503565,65.91469125362576,c1
68.25389957380526,34.41722451514891,48.39037628965904,79.6827518481137,c1
22.15563680418839,65.31149086799853,20.186615546987742,41.23498549696754,c2
37.349371524998375,48.36233895983865,33.703663816313785,78.61279176555097,c2
80.31283127447375,40.433381852742976,32.97650074310208,84.58577702610545,c1
41.40867821935689,89.95760476263533,10.050617097809464,24.40874000927466,c1
92.17921813815633,49.87992381579588,24.40928769896827,90.24159597006647,c1
22.69360852101046,65.81477060546985,21.423137398496568,42.998081417023556,c2
69.31542017321823,35.04435971217637,48.55665884076076,78.43641852387316,c1
28.95816656931253,51.30464327008348,25.72701229887781,77.22536530365439,c2
43.86611282983219,51.87762257387361,49.568139229327755,64.24434199878156,c1
81.41401466802242,57.080902685530624,20.688607922114286,86.39651927221145,c1
58.13267565209239,60.25549398122336,44.02395157989963,85.26773779972176,c1
83.70003389366045,37.96338218951008,35.128265879768236,80.24714258435853,c1
78.01887949000859,88.13008190924502,5.938785620436384,45.60862725842675,c1
55.5568295725793,87.68105909514419,21.530187175565942,62.598543331787546,c1
33.13501936265495,98.77678701725371,25.94106877463545,8.065322749302123,c1
21.919823464509005,1.029758987004531,98.92217890451677,47.53721232621366,c2
69.83247878040514,79.92269323883897,21.541258319512355,62.563081371559505,c1
46.38635888338417,36.56205682383713,30.728670816550718,83.1983051001573,c2
60.34874413170932,55.40080898943675,47.139380102095764,73.96846613382797,c1
79.02775674447786,89.88763204077127,5.141404786008143,37.11957954845103,c1
41.36108286639408,52.481562000695995,26.055528033256508,93.87417369086263,c2
63.935703004997514,26.186636332681,58.90279363301527,72.80440455731653,c1
21.780643114178368,20.464588938322972,76.85657053007948,63.9979268392482,c2
78.36286408642161,39.906902603209765,33.34180541495251,82.45760477190684,c1
32.953291651342404,50.03479926809281,29.170956555452648,87.90110659501532,c2
52.754472881465944,69.78712576754836,1.5796842354664302,24.808823663129562,c2
45.10885634135964,87.33269222853764,6.459172464298792,9.50016821699082,c1
19.823464509010666,64.04187886112847,26.099812609042157,68.65390036098457,c2
51.110226510611604,76.7323861446527,27.38449609063692,69.24175054784182,c1
56.150834000389416,37.42156132716177,29.720636698472873,92.05197450375987,c2
70.5363130908855,79.23344321919423,23.080466108083662,54.72053247497204,c1
30.79130880009231,63.801651655584536,18.74340362289185,49.12390772616092,c2
67.04238149838825,81.84301414047678,21.700002153919055,47.99548996608382,c1
69.86709358255992,33.51917888694727,50.14754345531694,77.75446684306718,c1
65.63687630256221,47.82033100465113,45.22368449393672,75.06187657419278,c1
62.628994223654885,62.81829169270375,23.755960970986713,76.39051801740364,c1
58.13483907722706,55.66386152136413,12.86363538458225,83.12783582021694,c2
67.89549214316105,90.72393703203404,9.810670515002046,48.618347472653376,c1
43.035573920631144,27.920986952145395,45.840136127684325,85.04432745028505,c2
55.1139764475117,58.76885428087125,8.604045059986646,74.77972667012193,c2
29.76512414454564,66.70533252010313,20.803024102354232,41.05858497685879,c2
65.90009302728079,60.80517274281845,31.11982251706981,77.3547014375733,c1
86.78507813570445,80.96779383865864,12.641781721842893,71.18179255662548,c1
37.523887819195345,27.959528077022377,47.1135330734271,79.50635132800494,c2
78.05565771729803,40.74320759447254,32.489284252697786,76.29649835874773,c1
78.4876216025211,89.0359854366934,4.377625088849163,33.02781490675323,c1
78.20349176816737,37.05747866206169,40.192560363581535,86.39651927221145,c1
62.34486438930114,33.627318548009896,59.47142826372585,58.44767542304299,c1
66.71426201962947,79.43475511418276,17.049130893661015,47.70179219291307,c1
53.965558271856004,62.570580773591466,41.39229327761863,84.23306691399111,c1
45.58639638275317,26.248376969619862,47.932883882223706,83.3982559989816,c2
33.393188095392624,17.35173827956909,63.025825489478116,71.79328405030142,c2
48.6554312788006,85.39665552840631,20.500355396644196,58.8241177700792,c1
51.138141906266,74.52581319902562,30.45167682598488,71.17006283131927,c1
42.492554211828164,56.38416895231752,55.946324337131415,83.421715449594,c1
40.41710836596499,44.568133599254615,40.115019277575556,82.73975467597771,c2
79.55635361904967,41.409258102055404,33.08721218256618,85.57343808250815,c1
59.05645818459785,65.00203931194739,31.123268787558967,73.78033588841302,c1
22.230635542190395,66.61253447185562,21.2275184698559,42.30429998999791,c2
51.67239974327356,85.15680250854078,18.74340362289185,55.60253507551579,c1
8.21164066950796,76.113108846872,25.686389385486898,16.989916073360785,c2
54.89835507575593,51.444016209723586,28.12242875912723,72.61627431190158,c1
43.903612198833194,58.954824563044674,12.793417623365716,66.85488784018476,c2
59.975192725122405,84.52966731151332,16.170762702737633,61.39920165125435,c1
28.622114531726627,49.547010817707964,33.057488099597215,84.78563699682661,c2
55.693558041090654,60.24015236840825,43.91668641092468,82.7280249506715,c1
22.36260447540546,3.344845779372635,79.03073642492515,47.60722696563827,c2
85.59880002019197,80.57302794792832,12.221336722165981,66.61938405302926,c1
29.51128226207732,20.580586498632353,66.98989811962866,88.30119024887023,c2
50.667395019795336,88.01408434893563,23.43481163977858,63.0568209716577,c1
65.07510690925874,86.19441939479209,7.603765050509402,60.7054202242287,c1
82.25414476198716,39.922618401703296,33.00579404225989,84.86792693017631,c1
10.940440906042442,75.20720531942361,26.638723156783772,17.49547632686834,c2
15.125226258211999,63.88696599026369,27.350894953367654,64.59714303899906,c2
63.63354462785482,77.42163616429745,17.28175415167898,63.397801358465856,c1
40.23465951294089,45.66000740887643,33.26426432894652,82.2577448011857,c2
89.04946310999576,71.25056595583861,10.320287763585846,72.93379524809733,c1
78.14003129755028,81.41681665275942,11.796583884377627,60.7054202242287,c1
42.8350965248181,29.686394982918422,42.43306696534345,83.97437646053265,c2
59.1631871579084,90.05040281088283,17.248583798220864,40.999481709812045,c1
7.083775032631659,86.31827485434823,20.891636332306632,19.811415114069302,c2
81.61665548897014,41.61056999704394,31.97966700411399,86.3141384107586,c1
55.37394803452826,71.00285503672633,0.302410235423352,22.069159915255003,c2
10.132762189097773,81.94367008797106,23.335171344260885,32.133991652800134,c2
63.40061585502167,50.878775065763136,45.097895621082564,89.47689062258472,c1
39.55390173723038,14.564429161038287,57.703060718978186,67.90147030742791,c2
46.14470429584118,60.797314843571684,10.084218235078728,68.38338925411676,c2
57.76330686743252,78.44353725205522,28.284834255928665,55.39067259517899,c1
76.875148735478,37.52221727465603,34.9512137333879,71.25235276466897,c1
56.12480078460218,58.010005725040884,9.002520085295195,76.40233867081298,c2
43.70241366130858,61.99770249993451,17.455360027570165,63.4805459323313,c2
80.0849504936215,64.94778238857685,25.896784198849808,81.31709357411094,c1
45.62778991699658,34.90516263980512,32.35272578456502,82.2577448011857,c2
33.07155889203787,34.48682305133454,50.571865509294156,77.21360829991725,c2
31.68840908927013,89.46966663797909,17.037930514571265,27.983123744055572,c1
58.94323893588329,81.17696363289392,27.480130096710965,51.863571474035474,c1
36.99817551146975,28.48600732655558,46.921403493656705,82.14017476381424,c2
64.59843223791907,74.29344389272846,23.792836065220673,59.436063904270895,c1
32.48599182225299,25.49738631303626,60.70390074740991,91.62915882411777,c2
3.3518666753203634,76.98795496301175,26.454132293708405,9.21829109722942,c2
31.320626816375686,97.18163347016056,25.686389385486898,0.0,c1
46.89656664431128,32.20279367027506,37.59019536045835,78.20126935631995,c2
35.96766400565375,10.87084232938068,63.66424709759407,64.89175009320131,c2
77.9929183883925,78.5056520746725,15.528464040321365,69.11245078516417,c1
69.24835399404337,86.21761890685397,7.300924031274906,65.39731034670886,c1
73.52905119385011,32.18745205745995,51.19951752213152,82.9514353001082,c1
16.55669255565411,63.213431769112475,27.40258901070498,65.93742327941297,c2
54.89835507575593,51.444169625851735,28.12242875912723,72.61609245569528,c1
81.20704699680535,77.04221188638228,17.255907123010317,84.64460750884275,c1
51.62624667373385,65.51280276298705,3.6539082861266086,37.954299535357386,c2
64.04098969488494,74.22384535654281,25.1290412906283,82.38704456386336,c1
86.97401726413258,83.70870393306566,10.117388588536844,66.07927112032516,c1
93.17367255839444,73.76696464319524,10.47536993559782,72.19300399174374,c1
